"Net Code";"Net Name";"Pad Count";"Via Count";"Via Length (mm)";"Track Length (mm)";"Die Length (mm)";"Net Length (mm)";"TOP (mm)";"GND1 (mm)";"S1 (mm)";"PW1 (mm)";"S2 (mm)";"GND2 (mm)";"PW2 (mm)";"BOT (mm)";
001;"GND";746;742;671.6148;405.3829;0.0000;1076.9977;227.4741;0.0000;0.0000;0.0000;0.0000;0.0000;47.0546;130.8542;
002;"GBE0_MDI3_N";2;1;1.0397;15.6575;0.0000;16.6972;0.9976;0.0000;0.0000;0.0000;0.0000;0.0000;0.0000;14.6599;
003;"GBE0_MDI3_P";2;1;1.0397;15.6806;0.0000;16.7203;0.9976;0.0000;0.0000;0.0000;0.0000;0.0000;0.0000;14.6830;
004;"/IO/LED0";2;1;1.0397;18.1039;0.0000;19.1436;0.7625;0.0000;0.0000;0.0000;0.0000;0.0000;0.0000;17.3414;
005;"/IO/LED1";2;1;1.0397;19.5072;0.0000;20.5469;1.0625;0.0000;0.0000;0.0000;0.0000;0.0000;0.0000;18.4447;
006;"GBE0_MDI2_N";2;1;1.0397;15.5194;0.0000;16.5591;0.9976;0.0000;0.0000;0.0000;0.0000;0.0000;0.0000;14.5218;
007;"GBE0_MDI2_P";2;1;1.0397;15.7348;0.0000;16.7745;0.9976;0.0000;0.0000;0.0000;0.0000;0.0000;0.0000;14.7372;
008;"/MPU/VDDA_0P9";3;1;1.0397;1.8417;0.0000;2.8814;1.1076;0.0000;0.0000;0.0000;0.0000;0.0000;0.0000;0.7341;
009;"GBE0_MDI1_N";2;1;1.0397;15.3573;0.0000;16.3970;0.9976;0.0000;0.0000;0.0000;0.0000;0.0000;0.0000;14.3596;
010;"GBE0_MDI1_P";2;1;1.0397;15.3572;0.0000;16.3969;0.9976;0.0000;0.0000;0.0000;0.0000;0.0000;0.0000;14.3596;
011;"GBE0_MDI0_N";2;1;1.0397;15.7267;0.0000;16.7664;0.9976;0.0000;0.0000;0.0000;0.0000;0.0000;0.0000;14.7291;
012;"GBE0_MDI0_P";2;1;1.0397;15.7268;0.0000;16.7665;0.9976;0.0000;0.0000;0.0000;0.0000;0.0000;0.0000;14.7292;
013;"Net-(U1B-VIN3)";2;0;0.0000;2.2235;0.0000;2.2235;2.2235;0.0000;0.0000;0.0000;0.0000;0.0000;0.0000;0.0000;
014;"3.3V_SW";52;125;109.2128;95.9338;0.0000;205.1466;25.6012;0.0000;0.0000;17.5725;16.3986;0.0000;0.0000;36.3616;
015;"Net-(D2-K)";2;0;0.0000;3.0449;0.0000;3.0449;3.0449;0.0000;0.0000;0.0000;0.0000;0.0000;0.0000;0.0000;
016;"Net-(C17-Pad2)";2;0;0.0000;8.0182;0.0000;8.0182;8.0182;0.0000;0.0000;0.0000;0.0000;0.0000;0.0000;0.0000;
017;"VBAT";3;2;1.0397;57.8640;0.0000;58.9037;2.0271;0.0000;53.4369;0.0000;0.0000;0.0000;0.0000;2.4001;
018;"Net-(U1B-VHALF)";3;0;0.0000;2.6822;0.0000;2.6822;2.6822;0.0000;0.0000;0.0000;0.0000;0.0000;0.0000;0.0000;
019;"I2C1_SCL";2;2;1.0397;28.7811;0.0000;29.8208;0.4596;0.0000;0.0000;0.0000;27.3445;0.0000;0.0000;0.9770;
020;"I2C1_SDA";2;2;1.0397;32.8411;0.0000;33.8808;0.4596;0.0000;0.0000;0.0000;31.3835;0.0000;0.0000;0.9980;
021;"I2C2_SCL";5;5;2.8412;119.7447;0.0000;122.5859;15.6283;0.0000;66.1630;0.0000;36.9555;0.0000;0.0000;0.9980;
022;"I2C2_SDA";5;6;2.8412;117.4259;0.0000;120.2671;14.3889;0.0000;24.9623;0.0000;76.8887;0.0000;0.0000;1.1860;
023;"I2C3_SCL";2;2;1.0397;31.7089;0.0000;32.7486;0.4596;0.0000;0.0000;0.0000;30.0633;0.0000;0.0000;1.1860;
024;"I2C3_SDA";2;2;1.0397;33.1720;0.0000;34.2117;0.4596;0.0000;0.0000;0.0000;31.7144;0.0000;0.0000;0.9980;
025;"Net-(U1C-VCOREDIG)";2;0;0.0000;0.0000;0.0000;0.0000;0.0000;0.0000;0.0000;0.0000;0.0000;0.0000;0.0000;0.0000;
026;"USB1_OC";2;2;1.0397;12.0985;0.0000;13.1382;0.4596;0.0000;0.0000;0.0000;10.2228;0.0000;0.0000;1.4160;
027;"USB1_PWR_EN";2;2;1.0397;14.1972;0.0000;15.2369;0.4596;0.0000;0.0000;0.0000;11.7527;0.0000;0.0000;1.9849;
028;"Net-(U1C-VCOREREF)";2;0;0.0000;0.0000;0.0000;0.0000;0.0000;0.0000;0.0000;0.0000;0.0000;0.0000;0.0000;0.0000;
029;"Net-(U1C-VCORE)";2;0;0.0000;0.0000;0.0000;0.0000;0.0000;0.0000;0.0000;0.0000;0.0000;0.0000;0.0000;0.0000;
030;"UART2_TXD";2;2;1.0397;15.4204;0.0000;16.4601;0.4596;0.0000;0.0000;0.0000;14.0617;0.0000;0.0000;0.8990;
031;"UART2_RXD";2;1;1.0397;16.2930;0.0000;17.3327;12.9555;0.0000;0.0000;0.0000;0.0000;0.0000;0.0000;3.3375;
032;"UART1_TXD";3;1;1.0397;33.6514;0.0000;34.6911;13.8210;0.0000;0.0000;0.0000;0.0000;0.0000;0.0000;19.8304;
033;"UART1_RXD";3;2;1.0397;33.1800;0.0000;34.2197;0.4596;0.0000;0.0000;0.0000;14.6450;0.0000;0.0000;18.0753;
040;"/IO/ENET_2.5V_A";8;5;3.1191;11.2158;0.0000;14.3349;4.1967;0.0000;0.0000;0.0000;0.0000;0.0000;0.0000;7.0191;
042;"USB2_RX_N";2;1;1.0397;13.0818;0.0000;14.1215;8.9934;0.0000;0.0000;0.0000;0.0000;0.0000;0.0000;4.0883;
043;"USB2_RX_P";2;1;1.0397;13.0818;0.0000;14.1215;8.7863;0.0000;0.0000;0.0000;0.0000;0.0000;0.0000;4.2954;
044;"USB2_TX_N";2;1;1.0397;13.0718;0.0000;14.1115;8.7696;0.0000;0.0000;0.0000;0.0000;0.0000;0.0000;4.3022;
045;"USB2_TX_P";2;1;1.0397;13.0718;0.0000;14.1115;8.5625;0.0000;0.0000;0.0000;0.0000;0.0000;0.0000;4.5093;
046;"USB2_DP";2;1;1.0397;24.1588;0.0000;25.1985;19.6785;0.0000;0.0000;0.0000;0.0000;0.0000;0.0000;4.4803;
047;"VDD_1V";8;5;5.1985;5.1612;0.0000;10.3597;1.7203;0.0000;0.0000;0.0000;0.0000;0.0000;0.0000;3.4408;
048;"Net-(C56-Pad2)";5;0;0.0000;1.1668;0.0000;1.1668;1.1668;0.0000;0.0000;0.0000;0.0000;0.0000;0.0000;0.0000;
051;"UART3_RXD";2;1;1.0397;16.0925;0.0000;17.1322;12.7440;0.0000;0.0000;0.0000;0.0000;0.0000;0.0000;3.3485;
052;"UART3_TXD";2;1;1.0397;17.2305;0.0000;18.2702;13.5813;0.0000;0.0000;0.0000;0.0000;0.0000;0.0000;3.6492;
053;"UART4_RXD";2;2;1.0397;34.6360;0.0000;35.6757;0.4596;0.0000;0.0000;0.0000;32.9903;0.0000;0.0000;1.1860;
054;"NVCC_DRAM_1V1";107;61;62.3820;64.8719;0.0000;127.2539;45.5135;0.0000;0.0000;0.0000;0.0000;0.0000;0.0000;19.3585;
055;"DRAM_DQ21";2;2;1.2010;24.6496;0.0000;25.8506;1.7593;0.0000;0.0000;0.0000;22.8903;0.0000;0.0000;0.0000;
056;"DRAM_DQ19";2;2;1.2010;24.6385;0.0000;25.8395;2.4884;0.0000;0.0000;0.0000;22.1501;0.0000;0.0000;0.0000;
057;"DRAM_DQ25";2;2;0.5274;25.6960;0.0000;26.2234;1.7609;0.0000;23.9351;0.0000;0.0000;0.0000;0.0000;0.0000;
058;"DRAM_DQ24";2;2;0.5274;25.7172;0.0000;26.2446;2.3047;0.0000;23.4126;0.0000;0.0000;0.0000;0.0000;0.0000;
059;"Net-(Q1-G)";3;0;0.0000;4.5522;0.0000;4.5522;4.5522;0.0000;0.0000;0.0000;0.0000;0.0000;0.0000;0.0000;
060;"DRAM_DQ26";2;2;0.5274;25.7348;0.0000;26.2622;0.9482;0.0000;24.7866;0.0000;0.0000;0.0000;0.0000;0.0000;
061;"DRAM_DQ28";2;2;0.5274;24.9674;0.0000;25.4948;0.9393;0.0000;24.0281;0.0000;0.0000;0.0000;0.0000;0.0000;
062;"DRAM_DQ27";2;2;0.5274;25.6711;0.0000;26.1985;0.9141;0.0000;24.7570;0.0000;0.0000;0.0000;0.0000;0.0000;
063;"DRAM_DQ30";2;2;0.5274;24.9865;0.0000;25.5139;2.2614;0.0000;22.7251;0.0000;0.0000;0.0000;0.0000;0.0000;
064;"Net-(U5-OUT)";7;0;0.0000;2.2642;0.0000;2.2642;2.2642;0.0000;0.0000;0.0000;0.0000;0.0000;0.0000;0.0000;
065;"Net-(D3-K)";3;0;0.0000;2.8141;0.0000;2.8141;2.8141;0.0000;0.0000;0.0000;0.0000;0.0000;0.0000;0.0000;
066;"DRAM_VREF";3;1;1.0397;2.7195;0.0000;3.7592;2.1835;0.0000;0.0000;0.0000;0.0000;0.0000;0.0000;0.5360;
067;"Net-(U7-OUT)";7;0;0.0000;4.0279;0.0000;4.0279;4.0279;0.0000;0.0000;0.0000;0.0000;0.0000;0.0000;0.0000;
068;"DRAM_DQ15";2;2;0.5274;25.7040;0.0000;26.2314;2.0674;0.0000;23.6366;0.0000;0.0000;0.0000;0.0000;0.0000;
069;"DRAM_DQ12";2;2;0.5274;25.7366;0.0000;26.2640;0.9309;0.0000;24.8057;0.0000;0.0000;0.0000;0.0000;0.0000;
070;"DRAM_DQ14";2;2;0.5274;24.2160;0.0000;24.7434;2.6646;0.0000;21.5514;0.0000;0.0000;0.0000;0.0000;0.0000;
071;"DRAM_DQ11";2;2;0.5274;25.7440;0.0000;26.2714;0.9469;0.0000;24.7971;0.0000;0.0000;0.0000;0.0000;0.0000;
072;"Net-(U13-VDDI)";3;1;1.0397;2.7071;0.0000;3.7468;0.9923;0.0000;0.0000;0.0000;0.0000;0.0000;0.0000;1.7148;
073;"DRAM_DQ9";2;2;0.5274;25.7425;0.0000;26.2699;2.2626;0.0000;23.4799;0.0000;0.0000;0.0000;0.0000;0.0000;
074;"DRAM_DQ10";2;2;0.5274;25.7254;0.0000;26.2528;0.9407;0.0000;24.7847;0.0000;0.0000;0.0000;0.0000;0.0000;
075;"DRAM_DQ4";2;2;1.2010;24.2631;0.0000;25.4641;0.9589;0.0000;0.0000;0.0000;23.3042;0.0000;0.0000;0.0000;
076;"DRAM_DQ6";2;2;1.2010;24.2621;0.0000;25.4631;0.9680;0.0000;0.0000;0.0000;23.2941;0.0000;0.0000;0.0000;
077;"DRAM_DQ22";2;2;1.2010;25.0708;0.0000;26.2718;0.9732;0.0000;0.0000;0.0000;24.0977;0.0000;0.0000;0.0000;
078;"DRAM_DQ23";2;2;1.2010;24.5959;0.0000;25.7969;1.0361;0.0000;0.0000;0.0000;23.5598;0.0000;0.0000;0.0000;
079;"DRAM_DQS3_P";2;2;0.5274;25.7686;0.0000;26.2960;1.0354;0.0000;24.7332;0.0000;0.0000;0.0000;0.0000;0.0000;
080;"DRAM_DM3";2;2;0.5274;24.2114;0.0000;24.7388;1.0689;0.0000;23.1425;0.0000;0.0000;0.0000;0.0000;0.0000;
083;"DRAMREF";7;1;1.0397;67.3741;0.0000;68.4138;0.4596;0.0000;0.0000;0.0000;0.0000;0.0000;0.0000;66.9145;
086;"DRAM_DQ13";2;2;0.5274;25.7848;0.0000;26.3122;1.0196;0.0000;24.7652;0.0000;0.0000;0.0000;0.0000;0.0000;
087;"DRAM_DM1";2;2;0.5274;25.7472;0.0000;26.2746;1.6845;0.0000;24.0627;0.0000;0.0000;0.0000;0.0000;0.0000;
088;"DRAM_DQS1_P";2;2;0.5274;24.9718;0.0000;25.4992;0.9878;0.0000;23.9840;0.0000;0.0000;0.0000;0.0000;0.0000;
089;"DRAM_DQ8";2;2;0.5274;25.7223;0.0000;26.2497;2.3435;0.0000;23.3788;0.0000;0.0000;0.0000;0.0000;0.0000;
090;"DRAM_DQ7";2;2;1.2010;24.6362;0.0000;25.8372;0.9340;0.0000;0.0000;0.0000;23.7022;0.0000;0.0000;0.0000;
091;"DRAM_DQS2_N";2;2;1.2010;25.0070;0.0000;26.2080;1.4457;0.0000;0.0000;0.0000;23.5613;0.0000;0.0000;0.0000;
092;"DRAM_DQS2_P";2;2;1.2010;25.0102;0.0000;26.2112;1.9755;0.0000;0.0000;0.0000;23.0347;0.0000;0.0000;0.0000;
093;"DRAM_DQS3_N";2;2;0.5274;24.9496;0.0000;25.4770;1.0464;0.0000;23.9032;0.0000;0.0000;0.0000;0.0000;0.0000;
094;"Net-(U15-VDD1.8_1)";5;2;2.0794;8.3592;0.0000;10.4386;1.4570;0.0000;5.3690;0.0000;0.0000;0.0000;0.0000;1.5331;
095;"DRAM_nCS0_B";2;2;1.8746;22.5894;0.0000;24.4640;1.0666;0.0000;0.0000;0.0000;0.0000;0.0000;21.5228;0.0000;
097;"/POWER/MNRST";4;0;0.0000;6.8658;0.0000;6.8658;6.8658;0.0000;0.0000;0.0000;0.0000;0.0000;0.0000;0.0000;
098;"SYS_NRST_OUT";1;0;0.0000;0.0000;0.0000;0.0000;0.0000;0.0000;0.0000;0.0000;0.0000;0.0000;0.0000;0.0000;
099;"DRAM_CKE0_A";2;2;1.8746;24.3319;0.0000;26.2065;0.9307;0.0000;0.0000;0.0000;0.0000;0.0000;23.4012;0.0000;
100;"DRAM_DQS1_N";2;2;0.5274;25.1067;0.0000;25.6341;0.9627;0.0000;24.1440;0.0000;0.0000;0.0000;0.0000;0.0000;
101;"DRAM_DQS0_P";2;2;1.2010;25.0255;0.0000;26.2265;3.0079;0.0000;0.0000;0.0000;22.0176;0.0000;0.0000;0.0000;
102;"DRAM_DQS0_N";2;2;1.2010;24.1952;0.0000;25.3962;2.4425;0.0000;0.0000;0.0000;21.7527;0.0000;0.0000;0.0000;
103;"DRAM_DQ16";2;2;1.2010;24.6643;0.0000;25.8653;1.6194;0.0000;0.0000;0.0000;23.0449;0.0000;0.0000;0.0000;
104;"DRAM_DM2";2;2;1.2010;24.6480;0.0000;25.8490;1.0398;0.0000;0.0000;0.0000;23.6081;0.0000;0.0000;0.0000;
105;"DRAM_DQ18";2;2;1.2010;24.6232;0.0000;25.8242;2.8715;0.0000;0.0000;0.0000;21.7517;0.0000;0.0000;0.0000;
106;"PMIC_SCL";3;2;1.2010;71.3921;0.0000;72.5931;11.2249;0.0000;0.0000;0.0000;60.1672;0.0000;0.0000;0.0000;
107;"DRAM_nCS1_B";2;2;1.8746;24.2580;0.0000;26.1326;1.2225;0.0000;0.0000;0.0000;0.0000;0.0000;23.0355;0.0000;
108;"DRAM_CKE0_B";2;2;1.8746;24.3339;0.0000;26.2085;0.9991;0.0000;0.0000;0.0000;0.0000;0.0000;23.3349;0.0000;
110;"DRAM_CA0_A";2;2;1.8746;22.3926;0.0000;24.2672;0.8677;0.0000;0.0000;0.0000;0.0000;0.0000;21.5249;0.0000;
111;"DRAM_CA2_A";2;2;1.8746;24.3082;0.0000;26.1828;3.2446;0.0000;0.0000;0.0000;0.0000;0.0000;21.0636;0.0000;
112;"DRAM_DQ3";2;2;1.2010;25.0902;0.0000;26.2912;0.9224;0.0000;0.0000;0.0000;24.1678;0.0000;0.0000;0.0000;
113;"DRAM_DM0";2;2;1.2010;24.5759;0.0000;25.7769;1.5883;0.0000;0.0000;0.0000;22.9876;0.0000;0.0000;0.0000;
114;"DRAM_DQ1";2;2;1.2010;26.2541;0.0000;27.4551;1.5944;0.0000;0.0000;0.0000;24.6597;0.0000;0.0000;0.0000;
115;"DRAM_DQ17";2;2;1.2010;25.0794;0.0000;26.2804;1.0159;0.0000;0.0000;0.0000;24.0635;0.0000;0.0000;0.0000;
116;"DRAM_CA1_A";2;2;1.8746;24.3099;0.0000;26.1845;1.6441;0.0000;0.0000;0.0000;0.0000;0.0000;22.6658;0.0000;
117;"DRAM_CKE1_A";2;2;1.8746;24.1239;0.0000;25.9985;2.1875;0.0000;0.0000;0.0000;0.0000;0.0000;21.9364;0.0000;
118;"DRAM_CA5_A";2;2;1.8746;24.2185;0.0000;26.0931;0.8459;0.0000;0.0000;0.0000;0.0000;0.0000;23.3726;0.0000;
119;"DRAM_DQ2";2;2;1.2010;24.5880;0.0000;25.7890;2.0066;0.0000;0.0000;0.0000;22.5814;0.0000;0.0000;0.0000;
120;"DRAM_DQ0";2;2;1.2010;26.2014;0.0000;27.4024;1.9960;0.0000;0.0000;0.0000;24.2054;0.0000;0.0000;0.0000;
121;"Net-(D5-A)";2;0;0.0000;1.2454;0.0000;1.2454;1.2454;0.0000;0.0000;0.0000;0.0000;0.0000;0.0000;0.0000;
122;"Net-(L9-Pad1)";3;0;0.0000;1.9000;0.0000;1.9000;1.9000;0.0000;0.0000;0.0000;0.0000;0.0000;0.0000;0.0000;
123;"SPI1_MOSI";2;1;1.0397;15.5669;0.0000;16.6066;12.3109;0.0000;0.0000;0.0000;0.0000;0.0000;0.0000;3.2560;
124;"SPI2_SSO";2;1;1.0397;15.6658;0.0000;16.7055;12.3681;0.0000;0.0000;0.0000;0.0000;0.0000;0.0000;3.2977;
125;"UART4_TXD";2;2;1.0397;29.6558;0.0000;30.6955;0.4596;0.0000;0.0000;0.0000;28.1982;0.0000;0.0000;0.9980;
126;"Net-(U9A-MIPI_VDD1)";3;1;1.0397;1.5332;0.0000;2.5729;1.1096;0.0000;0.0000;0.0000;0.0000;0.0000;0.0000;0.4236;
127;"Net-(U1A-SW1ALX)";3;0;0.0000;0.0000;0.0000;0.0000;0.0000;0.0000;0.0000;0.0000;0.0000;0.0000;0.0000;0.0000;
128;"Net-(U1A-SW1CLX)";2;0;0.0000;0.0000;0.0000;0.0000;0.0000;0.0000;0.0000;0.0000;0.0000;0.0000;0.0000;0.0000;
129;"Net-(U1A-SW2LX)";2;0;0.0000;0.0000;0.0000;0.0000;0.0000;0.0000;0.0000;0.0000;0.0000;0.0000;0.0000;0.0000;
130;"Net-(U1A-SW3ALX)";3;0;0.0000;0.0000;0.0000;0.0000;0.0000;0.0000;0.0000;0.0000;0.0000;0.0000;0.0000;0.0000;
131;"Net-(U1A-SW4LX)";2;0;0.0000;0.0000;0.0000;0.0000;0.0000;0.0000;0.0000;0.0000;0.0000;0.0000;0.0000;0.0000;
132;"Net-(L6-Pad1)";5;18;18.7146;0.0000;0.0000;18.7146;0.0000;0.0000;0.0000;0.0000;0.0000;0.0000;0.0000;0.0000;
133;"SPI1_MISO";2;1;1.0397;15.8124;0.0000;16.8521;12.5285;0.0000;0.0000;0.0000;0.0000;0.0000;0.0000;3.2839;
134;"/MPU/27MHZ_O";4;0;0.0000;11.4672;0.0000;11.4672;11.4672;0.0000;0.0000;0.0000;0.0000;0.0000;0.0000;0.0000;
135;"HDMI_TX3_P";3;1;1.0397;3.9741;0.0000;5.0138;2.0512;0.0000;0.0000;0.0000;0.0000;0.0000;0.0000;1.9228;
136;"Net-(U6-VOS)";2;0;0.0000;0.0000;0.0000;0.0000;0.0000;0.0000;0.0000;0.0000;0.0000;0.0000;0.0000;0.0000;
137;"Net-(L8-Pad1)";3;0;0.0000;1.9000;0.0000;1.9000;1.9000;0.0000;0.0000;0.0000;0.0000;0.0000;0.0000;0.0000;
138;"Net-(Q1-D)";2;0;0.0000;1.2197;0.0000;1.2197;1.2197;0.0000;0.0000;0.0000;0.0000;0.0000;0.0000;0.0000;
139;"Net-(R6-Pad1)";2;0;0.0000;2.5092;0.0000;2.5092;2.5092;0.0000;0.0000;0.0000;0.0000;0.0000;0.0000;0.0000;
140;"Net-(R8-Pad2)";2;0;0.0000;1.8122;0.0000;1.8122;1.8122;0.0000;0.0000;0.0000;0.0000;0.0000;0.0000;0.0000;
141;"Net-(U1C-VDDOTP)";2;0;0.0000;0.0000;0.0000;0.0000;0.0000;0.0000;0.0000;0.0000;0.0000;0.0000;0.0000;0.0000;
142;"Net-(U1C-ICTEST)";2;0;0.0000;2.1466;0.0000;2.1466;2.1466;0.0000;0.0000;0.0000;0.0000;0.0000;0.0000;0.0000;
143;"Net-(U4-EN)";3;0;0.0000;5.8315;0.0000;5.8315;5.8315;0.0000;0.0000;0.0000;0.0000;0.0000;0.0000;0.0000;
144;"Net-(U6-VSET)";2;0;0.0000;2.0892;0.0000;2.0892;2.0892;0.0000;0.0000;0.0000;0.0000;0.0000;0.0000;0.0000;
145;"PCIE2_RXN";2;1;1.0397;58.3220;0.0000;59.3617;57.1009;0.0000;0.0000;0.0000;0.0000;0.0000;0.0000;1.2211;
146;"SPI2_MISO";2;1;1.0397;16.4490;0.0000;17.4887;12.9543;0.0000;0.0000;0.0000;0.0000;0.0000;0.0000;3.4947;
147;"SPI2_SCLK";2;2;1.0397;13.7117;0.0000;14.7514;0.4596;0.0000;0.0000;0.0000;12.3531;0.0000;0.0000;0.8990;
148;"Net-(U5-EN)";2;0;0.0000;1.6393;0.0000;1.6393;1.6393;0.0000;0.0000;0.0000;0.0000;0.0000;0.0000;0.0000;
149;"Net-(U4-ADJ)";3;0;0.0000;2.4529;0.0000;2.4529;2.4529;0.0000;0.0000;0.0000;0.0000;0.0000;0.0000;0.0000;
150;"Net-(U5-FB)";3;0;0.0000;3.6379;0.0000;3.6379;3.6379;0.0000;0.0000;0.0000;0.0000;0.0000;0.0000;0.0000;
151;"Net-(U7-FB)";3;0;0.0000;3.6645;0.0000;3.6645;3.6645;0.0000;0.0000;0.0000;0.0000;0.0000;0.0000;0.0000;
152;"PCIE2_RXP";2;1;1.0397;58.3093;0.0000;59.3490;57.0882;0.0000;0.0000;0.0000;0.0000;0.0000;0.0000;1.2211;
153;"PCIE1_TXN";2;2;1.5520;65.3479;0.0000;66.8999;0.0000;0.0000;62.6493;0.0000;0.0000;0.0000;0.0000;2.6986;
154;"SPI1_SSO";2;2;1.0397;13.3251;0.0000;14.3648;0.4596;0.0000;0.0000;0.0000;11.9664;0.0000;0.0000;0.8990;
155;"Net-(U9B-ZQ_{slash}_ZQ_{slash}_ZQ)";2;1;1.0397;3.0390;0.0000;4.0787;0.4596;0.0000;0.0000;0.0000;0.0000;0.0000;0.0000;2.5794;
156;"PCIE1_TXP";2;2;1.5520;65.3480;0.0000;66.9000;0.0000;0.0000;62.6281;0.0000;0.0000;0.0000;0.0000;2.7198;
157;"HDMI_TX2_P";3;1;1.0397;3.3917;0.0000;4.4314;1.4889;0.0000;0.0000;0.0000;0.0000;0.0000;0.0000;1.9028;
158;"Net-(U9K-PCIE1_RESREF)";2;0;0.0000;3.2769;0.0000;3.2769;3.2769;0.0000;0.0000;0.0000;0.0000;0.0000;0.0000;0.0000;
159;"Net-(U9M-USB1_RESREF)";2;1;1.0397;0.7213;0.0000;1.7610;0.7213;0.0000;0.0000;0.0000;0.0000;0.0000;0.0000;0.0000;
160;"Net-(U9K-PCIE2_RESREF)";2;1;1.0397;2.0289;0.0000;3.0686;2.0289;0.0000;0.0000;0.0000;0.0000;0.0000;0.0000;0.0000;
161;"Net-(U9M-USB2_RESREF)";2;1;1.0397;1.6478;0.0000;2.6875;1.6478;0.0000;0.0000;0.0000;0.0000;0.0000;0.0000;0.0000;
162;"QSPIA_SCLK";2;2;0.5274;34.9567;0.0000;35.4841;1.2293;0.0000;33.7274;0.0000;0.0000;0.0000;0.0000;0.0000;
163;"Net-(U9J-HDMI_REXT)";2;1;1.0397;1.8780;0.0000;2.9177;1.0183;0.0000;0.0000;0.0000;0.0000;0.0000;0.0000;0.8597;
164;"NAND_DATA0";2;2;0.5274;24.4763;0.0000;25.0037;1.1821;0.0000;23.2942;0.0000;0.0000;0.0000;0.0000;0.0000;
165;"Net-(U9L-MIPI_DSI_REXT)";2;1;1.0397;2.6108;0.0000;3.6505;0.4596;0.0000;0.0000;0.0000;0.0000;0.0000;0.0000;2.1512;
166;"QSPIA_nSS0 ";2;2;0.5274;23.0436;0.0000;23.5710;1.6444;0.0000;21.3992;0.0000;0.0000;0.0000;0.0000;0.0000;
167;"NAND_DATA2";2;2;0.5274;29.7114;0.0000;30.2388;1.2328;0.0000;28.4787;0.0000;0.0000;0.0000;0.0000;0.0000;
168;"/IO/XTAL1";3;0;0.0000;2.7864;0.0000;2.7864;2.7864;0.0000;0.0000;0.0000;0.0000;0.0000;0.0000;0.0000;
169;"PCIE1_RXP";2;2;1.0397;62.5582;0.0000;63.5979;0.8461;0.0000;60.4910;0.0000;0.0000;0.0000;0.0000;1.2211;
170;"NAND_DATA1";2;2;0.5274;24.9815;0.0000;25.5089;0.4596;0.0000;24.5219;0.0000;0.0000;0.0000;0.0000;0.0000;
171;"SPI1_SCLK";2;2;1.0397;15.3168;0.0000;16.3565;0.4596;0.0000;0.0000;0.0000;13.8998;0.0000;0.0000;0.9574;
172;"NAND_DATA3";2;2;0.5274;41.2974;0.0000;41.8248;0.4596;0.0000;40.8377;0.0000;0.0000;0.0000;0.0000;0.0000;
173;"SPI2_MOSI";2;2;1.0397;15.4597;0.0000;16.4994;1.1096;0.0000;0.0000;0.0000;13.4644;0.0000;0.0000;0.8856;
174;"SD2_nCD";2;2;1.0397;55.1950;0.0000;56.2347;0.4596;0.0000;53.8054;0.0000;0.0000;0.0000;0.0000;0.9300;
175;"SD2_CLK";2;2;1.0397;55.5152;0.0000;56.5549;0.4596;0.0000;48.0539;0.0000;0.0000;0.0000;0.0000;7.0016;
176;"SD1_CMD";3;2;1.6402;28.3270;0.0000;29.9672;0.9237;0.0000;0.0000;0.0000;25.3420;0.0000;0.0000;2.0612;
177;"SD1_CLK";2;2;1.2010;26.6907;0.0000;27.8917;1.0671;0.0000;0.0000;0.0000;25.6236;0.0000;0.0000;0.0000;
178;"SD2_WP";2;2;1.0397;55.8127;0.0000;56.8524;0.4596;0.0000;53.1150;0.0000;0.0000;0.0000;0.0000;2.2381;
179;"HDMI_REFCLK_N";3;1;1.0397;3.3951;0.0000;4.4348;1.4722;0.0000;0.0000;0.0000;0.0000;0.0000;0.0000;1.9228;
180;"HDMI_REFCLK_P";3;1;1.0397;3.3858;0.0000;4.4255;1.4629;0.0000;0.0000;0.0000;0.0000;0.0000;0.0000;1.9228;
181;"USB2_PWR_EN";2;3;1.2737;29.4579;0.0000;30.7316;0.4596;0.0000;0.0000;16.7717;11.2596;0.0000;0.0000;0.9670;
182;"SD2_CMD";2;2;1.0397;55.0009;0.0000;56.0406;0.4596;0.0000;47.6384;0.0000;0.0000;0.0000;0.0000;6.9029;
183;"SD1_D1";2;2;1.2010;27.1546;0.0000;28.3556;3.3957;0.0000;0.0000;0.0000;23.7590;0.0000;0.0000;0.0000;
184;"SD1_D0";3;2;1.6402;27.4437;0.0000;29.0839;1.1277;0.0000;0.0000;0.0000;25.4074;0.0000;0.0000;0.9086;
185;"ENET_MDIO";2;2;1.2010;55.0859;0.0000;56.2869;2.0242;0.0000;0.0000;0.0000;53.0616;0.0000;0.0000;0.0000;
186;"ENET_MDC";2;2;1.2010;55.3574;0.0000;56.5584;1.9472;0.0000;0.0000;0.0000;53.4101;0.0000;0.0000;0.0000;
187;"SD2_D1";2;2;1.0397;55.9092;0.0000;56.9489;0.4596;0.0000;50.8919;0.0000;0.0000;0.0000;0.0000;4.5577;
188;"HDMI_TX0_P";3;1;1.0397;3.3751;0.0000;4.4148;1.4722;0.0000;0.0000;0.0000;0.0000;0.0000;0.0000;1.9028;
189;"GPIO9";2;2;1.0397;29.3924;0.0000;30.4321;0.4596;0.0000;0.0000;0.0000;27.7794;0.0000;0.0000;1.1534;
190;"GPIO10";2;2;1.0397;28.5021;0.0000;29.5418;0.4596;0.0000;0.0000;0.0000;27.0435;0.0000;0.0000;0.9990;
191;"GPIO6";2;2;1.0397;29.7417;0.0000;30.7814;0.4596;0.0000;0.0000;0.0000;28.0938;0.0000;0.0000;1.1883;
192;"SD2_D0";2;2;1.0397;56.0597;0.0000;57.0994;0.4596;0.0000;49.3997;0.0000;0.0000;0.0000;0.0000;6.2004;
193;"SD1_D4";2;2;1.2010;26.2327;0.0000;27.4337;4.4417;0.0000;0.0000;0.0000;21.7909;0.0000;0.0000;0.0000;
194;"SD1_D2";2;2;1.2010;26.6590;0.0000;27.8600;1.8974;0.0000;0.0000;0.0000;24.7616;0.0000;0.0000;0.0000;
195;"ENET_TX_CTL";2;2;1.2010;60.6961;0.0000;61.8971;1.4813;0.0000;0.0000;0.0000;59.2148;0.0000;0.0000;0.0000;
196;"ENET_TD3";2;2;1.2010;61.0720;0.0000;62.2730;2.7575;0.0000;0.0000;0.0000;58.3145;0.0000;0.0000;0.0000;
197;"Net-(U9H-TEST_MODE)";2;1;1.0397;12.8002;0.0000;13.8399;0.4596;0.0000;0.0000;0.0000;0.0000;0.0000;0.0000;12.3405;
198;"GPIO8";2;2;1.0397;30.0950;0.0000;31.1347;0.4596;0.0000;0.0000;0.0000;28.4574;0.0000;0.0000;1.1780;
199;"GPIO3";2;3;1.0397;28.9731;0.0000;30.0128;0.4596;0.0000;23.1618;0.0000;4.4527;0.0000;0.0000;0.8990;
200;"SD2_D3";2;2;1.0397;54.9660;0.0000;56.0057;0.4596;0.0000;52.4687;0.0000;0.0000;0.0000;0.0000;2.0376;
201;"SD2_D2";2;2;1.0397;55.6046;0.0000;56.6443;0.4596;0.0000;50.9760;0.0000;0.0000;0.0000;0.0000;4.1690;
202;"SD1_D5";2;2;1.2010;27.1358;0.0000;28.3368;5.3728;0.0000;0.0000;0.0000;21.7630;0.0000;0.0000;0.0000;
203;"SD1_D3";2;2;1.2010;26.5097;0.0000;27.7107;2.7998;0.0000;0.0000;0.0000;23.7099;0.0000;0.0000;0.0000;
204;"ENET_TD2";2;2;1.2010;60.2676;0.0000;61.4686;2.2819;0.0000;0.0000;0.0000;57.9858;0.0000;0.0000;0.0000;
205;"ENET_TD0";2;2;1.2010;61.0475;0.0000;62.2485;3.5771;0.0000;0.0000;0.0000;57.4704;0.0000;0.0000;0.0000;
206;"HDMI_TX1_P";3;1;1.0397;3.3558;0.0000;4.3955;1.4629;0.0000;0.0000;0.0000;0.0000;0.0000;0.0000;1.8928;
207;"GPIO4";2;3;1.0397;30.3532;0.0000;31.3929;0.4596;0.0000;24.4591;0.0000;4.5355;0.0000;0.0000;0.8990;
208;"ENET_TD1";2;2;1.2010;60.6553;0.0000;61.8563;3.5813;0.0000;0.0000;0.0000;57.0740;0.0000;0.0000;0.0000;
209;"SD2_nRST";2;2;1.0397;55.3620;0.0000;56.4017;0.4596;0.0000;53.5357;0.0000;0.0000;0.0000;0.0000;1.3667;
210;"CLK1_P";2;1;1.0397;0.4596;0.0000;1.4993;0.4596;0.0000;0.0000;0.0000;0.0000;0.0000;0.0000;0.0000;
211;"SD1_nRST";3;2;1.6402;28.0362;0.0000;29.6764;3.4170;0.0000;0.0000;0.0000;23.3029;0.0000;0.0000;1.3164;
212;"SD1_D6";2;2;1.2010;26.2484;0.0000;27.4494;4.7882;0.0000;0.0000;0.0000;21.4602;0.0000;0.0000;0.0000;
213;"JTAG_TCK";3;2;0.5274;63.5173;0.0000;64.0447;1.1596;0.0000;62.3577;0.0000;0.0000;0.0000;0.0000;0.0000;
214;"ENET_TXC";2;2;1.2010;60.6523;0.0000;61.8533;1.5596;0.0000;0.0000;0.0000;59.0927;0.0000;0.0000;0.0000;
215;"/MPU/25MHZ_O";4;0;0.0000;11.8186;0.0000;11.8186;11.8186;0.0000;0.0000;0.0000;0.0000;0.0000;0.0000;0.0000;
216;"/MPU/27MHZ_I";4;0;0.0000;7.5534;0.0000;7.5534;7.5534;0.0000;0.0000;0.0000;0.0000;0.0000;0.0000;0.0000;
217;"ENET_RXC";2;2;1.2010;60.8627;0.0000;62.0637;1.0681;0.0000;0.0000;0.0000;59.7945;0.0000;0.0000;0.0000;
218;"GPIO5";2;2;1.0397;28.7693;0.0000;29.8090;0.4596;0.0000;0.0000;0.0000;27.2581;0.0000;0.0000;1.0516;
219;"ENET_RX_CTL";2;2;1.2010;60.3042;0.0000;61.5052;6.6789;0.0000;0.0000;0.0000;53.6253;0.0000;0.0000;0.0000;
220;"CLK2_P";2;1;1.0397;0.4596;0.0000;1.4993;0.4596;0.0000;0.0000;0.0000;0.0000;0.0000;0.0000;0.0000;
221;"CLK1_N";2;1;1.0397;0.4596;0.0000;1.4993;0.4596;0.0000;0.0000;0.0000;0.0000;0.0000;0.0000;0.0000;
222;"SD1_STROBE";2;2;1.2010;26.2711;0.0000;27.4721;1.7542;0.0000;0.0000;0.0000;24.5169;0.0000;0.0000;0.0000;
223;"SD1_D7";2;2;1.2010;27.1856;0.0000;28.3866;5.2566;0.0000;0.0000;0.0000;21.9289;0.0000;0.0000;0.0000;
224;"JTAG_TDO";2;1;0.2637;62.9785;0.0000;63.2422;0.4596;0.0000;62.5189;0.0000;0.0000;0.0000;0.0000;0.0000;
225;"JTAG_nTRS";2;2;0.5274;64.9603;0.0000;65.4877;10.5082;0.0000;54.4520;0.0000;0.0000;0.0000;0.0000;0.0000;
226;"/MPU/25MHZ_I";4;0;0.0000;8.8227;0.0000;8.8227;8.8227;0.0000;0.0000;0.0000;0.0000;0.0000;0.0000;0.0000;
227;"ENET_RD0";2;2;1.2010;60.8483;0.0000;62.0493;1.0681;0.0000;0.0000;0.0000;59.7802;0.0000;0.0000;0.0000;
228;"ENET_RD2";2;2;1.2010;60.5708;0.0000;61.7718;1.0681;0.0000;0.0000;0.0000;59.5027;0.0000;0.0000;0.0000;
229;"ENET_RD1";2;2;1.2010;61.0671;0.0000;62.2681;1.0681;0.0000;0.0000;0.0000;59.9990;0.0000;0.0000;0.0000;
230;"CLK2_N";2;1;1.0397;0.4596;0.0000;1.4993;0.4596;0.0000;0.0000;0.0000;0.0000;0.0000;0.0000;0.0000;
231;"JTAG_TMS";2;1;0.2637;62.0991;0.0000;62.3628;0.4596;0.0000;61.6395;0.0000;0.0000;0.0000;0.0000;0.0000;
232;"BOOT_MODE1";3;2;1.2010;54.2440;0.0000;55.4450;8.4873;0.0000;0.0000;0.0000;45.7567;0.0000;0.0000;0.0000;
233;"/IO/XTAL2";4;0;0.0000;9.2841;0.0000;9.2841;9.2841;0.0000;0.0000;0.0000;0.0000;0.0000;0.0000;0.0000;
234;"Net-(U9H-JTAG_MOD)";2;2;1.0397;15.0158;0.0000;16.0555;0.4596;0.0000;13.8837;0.0000;0.0000;0.0000;0.0000;0.6725;
235;"Net-(U12A-ODT_CA_A)";2;0;0.0000;3.5566;0.0000;3.5566;3.5566;0.0000;0.0000;0.0000;0.0000;0.0000;0.0000;0.0000;
236;"Net-(U12A-ODT_CA_B)";2;0;0.0000;3.5844;0.0000;3.5844;3.5844;0.0000;0.0000;0.0000;0.0000;0.0000;0.0000;0.0000;
237;"ENET_RD3";2;2;1.2010;60.5970;0.0000;61.7980;1.0681;0.0000;0.0000;0.0000;59.5288;0.0000;0.0000;0.0000;
238;"PMIC_ON_REQ";3;3;2.0794;58.8281;0.0000;60.9075;34.9936;0.0000;0.0000;0.0000;17.0595;0.0000;0.0000;6.7751;
239;"PMIC_STBY_REQ";3;3;1.8015;56.6109;0.0000;58.4124;25.4251;0.0000;0.0000;0.0000;31.1858;0.0000;0.0000;0.0000;
240;"JTAG_TDI";2;1;0.2637;65.4182;0.0000;65.6819;0.4596;0.0000;64.9586;0.0000;0.0000;0.0000;0.0000;0.0000;
241;"BOOT_MODE0";4;2;1.2010;49.3157;0.0000;50.5167;5.8169;0.0000;0.0000;0.0000;43.4988;0.0000;0.0000;0.0000;
242;"Net-(U11-VDD)";4;0;0.0000;6.7213;0.0000;6.7213;6.7213;0.0000;0.0000;0.0000;0.0000;0.0000;0.0000;0.0000;
243;"Net-(U12A-ZQ0)";2;0;0.0000;2.1259;0.0000;2.1259;2.1259;0.0000;0.0000;0.0000;0.0000;0.0000;0.0000;0.0000;
244;"Net-(U12A-ZQ1)";2;0;0.0000;2.3823;0.0000;2.3823;2.3823;0.0000;0.0000;0.0000;0.0000;0.0000;0.0000;0.0000;
245;"POR_B";5;3;1.4647;102.2923;0.0000;103.7570;38.4825;0.0000;43.8101;0.0000;19.9997;0.0000;0.0000;0.0000;
246;"ONOFF";3;3;2.0794;50.1834;0.0000;52.2628;20.5428;0.0000;24.1555;0.0000;0.0000;0.0000;0.0000;5.4851;
247;"/MPU/RTC_nRST";3;2;1.2010;25.5662;0.0000;26.7672;6.3762;0.0000;0.0000;0.0000;19.1900;0.0000;0.0000;0.0000;
248;"DRAM_DQ20";2;2;1.2010;25.0153;0.0000;26.2163;1.0571;0.0000;0.0000;0.0000;23.9582;0.0000;0.0000;0.0000;
249;"DRAM_DQ5";2;2;1.2010;25.0910;0.0000;26.2920;1.8874;0.0000;0.0000;0.0000;23.2036;0.0000;0.0000;0.0000;
250;"DRAM_nRST";3;2;1.3034;24.1813;0.0000;25.4847;1.6383;0.0000;22.5430;0.0000;0.0000;0.0000;0.0000;0.0000;
251;"/POWER/PMIC_ON";6;2;2.0794;39.8949;0.0000;41.9743;18.0141;0.0000;0.0000;0.0000;0.0000;0.0000;0.0000;21.8808;
252;"Net-(U15-VDDA1.8)";6;2;2.0794;8.4021;0.0000;10.4815;1.6712;0.0000;0.0000;0.0000;5.4831;0.0000;0.0000;1.2479;
253;"Net-(U16-VDD1.8_1)";5;2;2.0794;8.8978;0.0000;10.9772;1.7534;0.0000;5.6663;0.0000;0.0000;0.0000;0.0000;1.4781;
254;"Net-(U16-VDDA1.8)";6;2;2.0794;9.6181;0.0000;11.6975;1.4979;0.0000;0.0000;0.0000;5.3131;0.0000;0.0000;2.8071;
257;"PMIC_SDA";3;2;1.2010;70.1819;0.0000;71.3829;12.8077;0.0000;0.0000;0.0000;57.3742;0.0000;0.0000;0.0000;
258;"PMIC_nINT";2;4;3.2804;89.0315;0.0000;92.3119;33.4638;0.0000;0.0000;0.0000;19.1580;0.0000;0.0000;36.4097;
266;"VIN";25;29;24.7480;12.2440;0.0000;36.9920;5.3731;0.0000;0.0000;0.0000;0.0000;0.0000;6.8709;0.0000;
267;"VDDA_1V8";20;10;8.2449;14.7804;0.0000;23.0253;6.3558;0.0000;0.0000;4.9142;0.0000;0.0000;0.0000;3.5105;
268;"DRAM_CA2_B";2;2;1.8746;24.3629;0.0000;26.2375;0.9782;0.0000;0.0000;0.0000;0.0000;0.0000;23.3847;0.0000;
270;"DRAM_nCS1_A";2;2;1.8746;24.3421;0.0000;26.2167;0.9520;0.0000;0.0000;0.0000;0.0000;0.0000;23.3901;0.0000;
271;"DRAM_CA5_B";2;2;1.8746;24.1826;0.0000;26.0572;2.9814;0.0000;0.0000;0.0000;0.0000;0.0000;21.2012;0.0000;
272;"DRAM_CA4_A";2;2;1.8746;24.3840;0.0000;26.2586;0.9363;0.0000;0.0000;0.0000;0.0000;0.0000;23.4477;0.0000;
273;"DRAM_CA4_B";2;2;1.8746;24.3775;0.0000;26.2521;1.6010;0.0000;0.0000;0.0000;0.0000;0.0000;22.7765;0.0000;
274;"DRAM_CA3_B";2;2;1.8746;26.2188;0.0000;28.0934;1.0146;0.0000;0.0000;0.0000;0.0000;0.0000;25.2043;0.0000;
275;"DRAM_CA0_B";2;2;1.8746;22.8591;0.0000;24.7337;2.2626;0.0000;0.0000;0.0000;0.0000;0.0000;20.5965;0.0000;
276;"DRAM_CA1_B";2;2;1.8746;22.4265;0.0000;24.3011;0.9403;0.0000;0.0000;0.0000;0.0000;0.0000;21.4863;0.0000;
277;"DRAM_CKE1_B";2;2;1.8746;24.1867;0.0000;26.0613;0.8454;0.0000;0.0000;0.0000;0.0000;0.0000;23.3413;0.0000;
279;"DRAM_nCS0_A";2;2;1.8746;24.2279;0.0000;26.1025;0.9369;0.0000;0.0000;0.0000;0.0000;0.0000;23.2910;0.0000;
280;"DRAM_CA3_A";2;2;1.8746;24.2452;0.0000;26.1198;1.7316;0.0000;0.0000;0.0000;0.0000;0.0000;22.5137;0.0000;
281;"VDD_PHY_0V9";36;14;14.5558;13.3156;0.0000;27.8714;8.4635;0.0000;0.0000;0.0000;0.0000;0.0000;0.0000;4.8521;
282;"VDD_PHY_1V8";9;5;4.0861;76.8072;0.0000;80.8933;3.2236;0.0000;0.0000;72.3418;0.0000;0.0000;0.0000;1.2417;
283;"VDD_PHY_3V3";13;7;7.2779;8.0706;0.0000;15.3485;5.3905;0.0000;0.0000;0.0000;0.0000;0.0000;0.0000;2.6800;
284;"VDD_ARM_0V9";27;17;16.6352;20.2328;0.0000;36.8680;11.0309;0.0000;0.0000;0.0000;0.0000;0.0000;0.0000;9.2019;
285;"VDD_GPU_0V9";24;15;12.4764;13.5406;0.0000;26.0170;9.7902;0.0000;0.0000;0.0000;0.0000;0.0000;0.0000;3.7504;
286;"VDD_SOC_0V9";39;23;20.7940;21.8827;0.0000;42.6767;15.2001;0.0000;0.0000;0.0000;0.0000;0.0000;0.0000;6.6826;
287;"NVCC_SD1_1V8";3;1;1.0397;0.9192;0.0000;1.9589;0.9192;0.0000;0.0000;0.0000;0.0000;0.0000;0.0000;0.0000;
288;"VDD_VPU_0V9";18;9;8.3176;12.5798;0.0000;20.8974;7.7096;0.0000;0.0000;0.0000;0.0000;0.0000;0.0000;4.8702;
289;"NVCC_SD2";2;1;1.0397;0.4596;0.0000;1.4993;0.4596;0.0000;0.0000;0.0000;0.0000;0.0000;0.0000;0.0000;
290;"VDD_SNVS_0V9";8;5;5.1985;5.4348;0.0000;10.6333;5.4348;0.0000;0.0000;0.0000;0.0000;0.0000;0.0000;0.0000;
291;"NVCC_ENET_2V5";18;9;7.2779;10.4372;0.0000;17.7151;5.2807;0.0000;0.0000;0.0000;0.0000;0.0000;0.0000;5.1565;
292;"VDD_DRAM_0V9";44;22;22.8734;19.4118;0.0000;42.2852;17.4138;0.0000;0.0000;0.0000;0.0000;0.0000;0.0000;1.9980;
293;"USB1_TX_N";2;0;0.0000;1.5358;0.0000;1.5358;0.0000;0.0000;0.0000;0.0000;0.0000;0.0000;0.0000;1.5358;
294;"USB1_TX_P";2;0;0.0000;1.5292;0.0000;1.5292;0.0000;0.0000;0.0000;0.0000;0.0000;0.0000;0.0000;1.5292;
295;"USB1_RX_N";2;0;0.0000;1.5358;0.0000;1.5358;0.0000;0.0000;0.0000;0.0000;0.0000;0.0000;0.0000;1.5358;
296;"USB1_RX_P";2;0;0.0000;1.5292;0.0000;1.5292;0.0000;0.0000;0.0000;0.0000;0.0000;0.0000;0.0000;1.5292;
297;"USB1_DP";2;2;1.0397;18.2567;0.0000;19.2964;0.4596;0.0000;15.7373;0.0000;0.0000;0.0000;0.0000;2.0598;
298;"Net-(U17-REF_FILT)";2;0;0.0000;1.7697;0.0000;1.7697;1.7697;0.0000;0.0000;0.0000;0.0000;0.0000;0.0000;0.0000;
299;"USB1_DN";2;2;1.0397;18.2252;0.0000;19.2649;0.4596;0.0000;15.2916;0.0000;0.0000;0.0000;0.0000;2.4740;
300;"USB1_ID1";2;3;2.1521;39.8218;0.0000;41.9739;12.9924;0.0000;0.0000;16.2820;0.0000;0.0000;0.0000;10.5474;
301;"USB1_VBUS";2;2;1.0397;17.1117;0.0000;18.1514;0.4596;0.0000;15.2098;0.0000;0.0000;0.0000;0.0000;1.4423;
302;"HDMI_SDA";2;1;1.0397;14.1172;0.0000;15.1569;0.4596;0.0000;0.0000;0.0000;0.0000;0.0000;0.0000;13.6576;
303;"HDMI_SCL";2;1;1.0397;14.1625;0.0000;15.2022;0.4596;0.0000;0.0000;0.0000;0.0000;0.0000;0.0000;13.7028;
304;"VDD_1V8";47;22;22.8734;34.5084;0.0000;57.3818;14.4827;0.0000;0.0000;0.0000;0.0000;0.0000;0.0000;20.0257;
306;"DRAM_DQ29";2;2;0.5274;24.1549;0.0000;24.6823;1.0295;0.0000;23.1255;0.0000;0.0000;0.0000;0.0000;0.0000;
318;"/IO/VDD1A";8;6;6.2382;8.4445;0.0000;14.6827;3.6228;0.0000;0.0000;0.0000;0.0000;0.0000;0.0000;4.8217;
320;"Net-(R78-Pad2)";2;0;0.0000;2.3478;0.0000;2.3478;2.3478;0.0000;0.0000;0.0000;0.0000;0.0000;0.0000;0.0000;
321;"Net-(U2-BST)";2;0;0.0000;1.4368;0.0000;1.4368;1.4368;0.0000;0.0000;0.0000;0.0000;0.0000;0.0000;0.0000;
322;"Net-(R80-Pad2)";2;0;0.0000;2.3528;0.0000;2.3528;2.3528;0.0000;0.0000;0.0000;0.0000;0.0000;0.0000;0.0000;
323;"Net-(U2-SS)";2;0;0.0000;1.3239;0.0000;1.3239;1.3239;0.0000;0.0000;0.0000;0.0000;0.0000;0.0000;0.0000;
324;"Net-(U2-FB)";3;0;0.0000;2.3227;0.0000;2.3227;2.3227;0.0000;0.0000;0.0000;0.0000;0.0000;0.0000;0.0000;
325;"GPIO0";3;1;1.0397;12.7322;0.0000;13.7719;11.8332;0.0000;0.0000;0.0000;0.0000;0.0000;0.0000;0.8990;
327;"Net-(U2-TON)";2;0;0.0000;2.8417;0.0000;2.8417;2.8417;0.0000;0.0000;0.0000;0.0000;0.0000;0.0000;0.0000;
328;"Net-(U2-ILIM)";2;0;0.0000;1.6094;0.0000;1.6094;1.6094;0.0000;0.0000;0.0000;0.0000;0.0000;0.0000;0.0000;
329;"Net-(U2-FBL)";3;0;0.0000;2.2916;0.0000;2.2916;2.2916;0.0000;0.0000;0.0000;0.0000;0.0000;0.0000;0.0000;
330;"Net-(U2-VDD)";3;0;0.0000;2.2916;0.0000;2.2916;2.2916;0.0000;0.0000;0.0000;0.0000;0.0000;0.0000;0.0000;
332;"/POWER/SOC_EN";4;0;0.0000;7.0828;0.0000;7.0828;7.0828;0.0000;0.0000;0.0000;0.0000;0.0000;0.0000;0.0000;
334;"/POWER/P_MODE";4;0;0.0000;23.6653;0.0000;23.6653;23.6653;0.0000;0.0000;0.0000;0.0000;0.0000;0.0000;0.0000;
339;"3.3V_SW_DELAYED";88;66;61.1380;89.1516;0.0000;150.2896;38.5947;0.0000;13.5606;15.1196;4.8386;0.0000;0.0000;17.0381;
342;"ENET_INT";3;3;0.9670;43.7038;0.0000;44.6708;6.1941;0.0000;7.8558;29.6539;0.0000;0.0000;0.0000;0.0000;
345;"ENET_NRST";3;0;0.0000;2.8931;0.0000;2.8931;2.8931;0.0000;0.0000;0.0000;0.0000;0.0000;0.0000;0.0000;
347;"DSI_D3_N";2;2;1.0397;31.3069;0.0000;32.3466;0.4596;0.0000;29.6694;0.0000;0.0000;0.0000;0.0000;1.1779;
348;"DSI_D1_N";2;2;1.0397;31.3290;0.0000;32.3687;0.4596;0.0000;29.6915;0.0000;0.0000;0.0000;0.0000;1.1779;
349;"DSI_D0_N";2;2;1.0397;31.3289;0.0000;32.3686;0.4596;0.0000;29.6914;0.0000;0.0000;0.0000;0.0000;1.1779;
350;"DSI_D2_N";2;2;1.0397;31.2873;0.0000;32.3270;0.4596;0.0000;29.6499;0.0000;0.0000;0.0000;0.0000;1.1779;
351;"DSI_D3_P";2;2;1.0397;31.3068;0.0000;32.3465;0.4596;0.0000;29.6693;0.0000;0.0000;0.0000;0.0000;1.1779;
352;"DSI_D1_P";2;2;1.0397;31.3289;0.0000;32.3686;0.4596;0.0000;29.6915;0.0000;0.0000;0.0000;0.0000;1.1779;
353;"DSI_D0_P";2;2;1.0397;31.3290;0.0000;32.3687;0.4596;0.0000;29.6916;0.0000;0.0000;0.0000;0.0000;1.1779;
354;"DSI_D2_P";2;2;1.0397;31.2874;0.0000;32.3271;0.4596;0.0000;29.6499;0.0000;0.0000;0.0000;0.0000;1.1779;
355;"DSI_CLK_N";2;2;1.0397;31.2959;0.0000;32.3356;0.4596;0.0000;29.6584;0.0000;0.0000;0.0000;0.0000;1.1779;
356;"DSI_CLK_P";2;2;1.0397;31.2959;0.0000;32.3356;0.4596;0.0000;29.6584;0.0000;0.0000;0.0000;0.0000;1.1779;
357;"USB2_DN";2;1;1.0397;24.1588;0.0000;25.1985;19.8857;0.0000;0.0000;0.0000;0.0000;0.0000;0.0000;4.2732;
358;"USB2_ID1";2;3;1.0397;31.7312;0.0000;32.7709;0.4596;0.0000;14.6160;15.6880;0.0000;0.0000;0.0000;0.9676;
362;"/IO/VDDMDIO";3;1;1.0397;2.6084;0.0000;3.6481;0.7625;0.0000;0.0000;0.0000;0.0000;0.0000;0.0000;1.8459;
365;"DRAM_DQ31";2;2;0.5274;25.7581;0.0000;26.2855;1.6773;0.0000;24.0808;0.0000;0.0000;0.0000;0.0000;0.0000;
366;"/MPU/RTC_CLK";2;2;1.2010;19.7899;0.0000;20.9909;3.6909;0.0000;0.0000;0.0000;16.0990;0.0000;0.0000;0.0000;
371;"DRAM_CKB_P";3;1;1.0397;28.2236;0.0000;29.2633;26.7308;0.0000;0.0000;0.0000;0.0000;0.0000;0.0000;1.4928;
372;"DRAM_CKA_P";3;1;1.0397;28.4118;0.0000;29.4515;26.7581;0.0000;0.0000;0.0000;0.0000;0.0000;0.0000;1.6536;
373;"DRAM_CKB_N";3;1;1.0397;27.9676;0.0000;29.0073;26.8716;0.0000;0.0000;0.0000;0.0000;0.0000;0.0000;1.0960;
374;"DRAM_CKA_N";3;1;1.0397;27.7412;0.0000;28.7809;26.6740;0.0000;0.0000;0.0000;0.0000;0.0000;0.0000;1.0672;
379;"Net-(D4-K)";3;0;0.0000;2.9380;0.0000;2.9380;2.9380;0.0000;0.0000;0.0000;0.0000;0.0000;0.0000;0.0000;
381;"HDMI_AUX_P";3;1;1.0397;3.3651;0.0000;4.4048;1.4722;0.0000;0.0000;0.0000;0.0000;0.0000;0.0000;1.8928;
382;"HDMI_HDP";2;1;1.0397;14.1419;0.0000;15.1816;0.4596;0.0000;0.0000;0.0000;0.0000;0.0000;0.0000;13.6823;
383;"HDMI_CEC";2;1;1.0397;15.0812;0.0000;16.1209;0.4596;0.0000;0.0000;0.0000;0.0000;0.0000;0.0000;14.6216;
384;"HDMI_TX3_N";3;1;1.0397;3.4751;0.0000;4.5148;1.5522;0.0000;0.0000;0.0000;0.0000;0.0000;0.0000;1.9228;
385;"HDMI_TX2_N";3;1;1.0397;3.6402;0.0000;4.6799;1.7374;0.0000;0.0000;0.0000;0.0000;0.0000;0.0000;1.9028;
386;"HDMI_TX0_N";3;1;1.0397;3.3658;0.0000;4.4055;1.4629;0.0000;0.0000;0.0000;0.0000;0.0000;0.0000;1.9028;
387;"HDMI_TX1_N";3;1;1.0397;3.3651;0.0000;4.4048;1.4722;0.0000;0.0000;0.0000;0.0000;0.0000;0.0000;1.8928;
388;"HDMI_AUX_N";3;1;1.0397;3.3558;0.0000;4.3955;1.4629;0.0000;0.0000;0.0000;0.0000;0.0000;0.0000;1.8928;
390;"USB2_OC";2;3;1.0397;28.0248;0.0000;29.0645;0.4596;0.0000;7.6280;5.1762;0.0000;0.0000;0.0000;14.7609;
394;"USB2_VBUS";2;2;1.0397;18.8155;0.0000;19.8552;0.4596;0.0000;0.0000;0.0000;17.2569;0.0000;0.0000;1.0990;
395;"PCIE2_TXN";2;1;1.0397;53.0738;0.0000;54.1135;51.8527;0.0000;0.0000;0.0000;0.0000;0.0000;0.0000;1.2211;
396;"PCIE2_TXP";2;1;1.0397;53.0738;0.0000;54.1135;51.8527;0.0000;0.0000;0.0000;0.0000;0.0000;0.0000;1.2211;
397;"PCIE1_RXN";2;2;1.0397;62.5541;0.0000;63.5938;1.2733;0.0000;60.0597;0.0000;0.0000;0.0000;0.0000;1.2211;
400;"Net-(U17-REF_REXT)";2;0;0.0000;1.5541;0.0000;1.5541;1.5541;0.0000;0.0000;0.0000;0.0000;0.0000;0.0000;0.0000;
401;"Net-(U17-REFCLK_SEL_0)";2;1;1.0397;1.9548;0.0000;2.9945;0.7625;0.0000;0.0000;0.0000;0.0000;0.0000;0.0000;1.1923;
402;"Net-(D5-K)";2;0;0.0000;1.5157;0.0000;1.5157;1.5157;0.0000;0.0000;0.0000;0.0000;0.0000;0.0000;0.0000;
403;"SYS_NRST";3;3;1.3034;73.6714;0.0000;74.9748;1.6586;0.0000;29.6041;0.0000;40.1322;0.0000;0.0000;2.2765;
404;"NWDOG";2;2;0.5274;69.5216;0.0000;70.0490;0.4681;0.0000;69.0535;0.0000;0.0000;0.0000;0.0000;0.0000;
405;"Net-(U17-REFCLK_SEL_1)";2;1;1.0397;2.5237;0.0000;3.5634;1.1000;0.0000;0.0000;0.0000;0.0000;0.0000;0.0000;1.4237;
406;"Net-(U2-EN/PSV)";2;0;0.0000;2.0529;0.0000;2.0529;2.0529;0.0000;0.0000;0.0000;0.0000;0.0000;0.0000;0.0000;
407;"Net-(D6-A)";2;0;0.0000;1.2445;0.0000;1.2445;1.2445;0.0000;0.0000;0.0000;0.0000;0.0000;0.0000;0.0000;
408;"Net-(U2-ENL)";2;0;0.0000;4.4005;0.0000;4.4005;4.4005;0.0000;0.0000;0.0000;0.0000;0.0000;0.0000;0.0000;
409;"BOOT_SEL";3;1;1.0397;40.4341;0.0000;41.4738;38.6931;0.0000;0.0000;0.0000;0.0000;0.0000;0.0000;1.7410;
411;"Net-(D6-K)";2;0;0.0000;1.6422;0.0000;1.6422;1.6422;0.0000;0.0000;0.0000;0.0000;0.0000;0.0000;0.0000;
412;"PG_VIN";3;2;0.5274;78.2553;0.0000;78.7827;19.2359;0.0000;59.0194;0.0000;0.0000;0.0000;0.0000;0.0000;
425;"PCIE1_NCLKREQ";2;0;0.0000;1.3130;0.0000;1.3130;1.3130;0.0000;0.0000;0.0000;0.0000;0.0000;0.0000;0.0000;
427;"PCIE2_NCLKREQ";2;0;0.0000;1.2876;0.0000;1.2876;1.2876;0.0000;0.0000;0.0000;0.0000;0.0000;0.0000;0.0000;
429;"/IO/LNA_IN";3;0;0.0000;4.6208;0.0000;4.6208;4.6208;0.0000;0.0000;0.0000;0.0000;0.0000;0.0000;0.0000;
430;"Net-(J4-In)";3;0;0.0000;3.7760;0.0000;3.7760;3.7760;0.0000;0.0000;0.0000;0.0000;0.0000;0.0000;0.0000;
431;"Net-(J3-Pin_7)";2;0;0.0000;4.5016;0.0000;4.5016;4.5016;0.0000;0.0000;0.0000;0.0000;0.0000;0.0000;0.0000;
432;"Net-(J3-Pin_1)";2;0;0.0000;2.5358;0.0000;2.5358;2.5358;0.0000;0.0000;0.0000;0.0000;0.0000;0.0000;0.0000;
433;"Net-(J3-Pin_9)";3;0;0.0000;3.6103;0.0000;3.6103;3.6103;0.0000;0.0000;0.0000;0.0000;0.0000;0.0000;0.0000;
445;"/IO/SIO1";2;1;1.0397;8.9281;0.0000;9.9678;0.7000;0.0000;0.0000;0.0000;0.0000;0.0000;0.0000;8.2281;
448;"/IO/SIO3";2;1;1.0397;11.0552;0.0000;12.0949;1.0828;0.0000;0.0000;0.0000;0.0000;0.0000;0.0000;9.9724;
449;"/IO/SCLK";2;1;1.0397;9.4541;0.0000;10.4938;1.7006;0.0000;0.0000;0.0000;0.0000;0.0000;0.0000;7.7536;
450;"/IO/SIO2";2;1;1.0397;9.6186;0.0000;10.6583;2.7692;0.0000;0.0000;0.0000;0.0000;0.0000;0.0000;6.8494;
451;"/IO/SIO0";2;1;1.0397;10.8928;0.0000;11.9325;0.7000;0.0000;0.0000;0.0000;0.0000;0.0000;0.0000;10.1928;
457;"ESP32_RX";2;1;1.0397;52.2750;0.0000;53.3147;0.7896;0.0000;0.0000;0.0000;0.0000;0.0000;0.0000;51.4855;
458;"ESP32_TX";2;1;1.0397;52.6505;0.0000;53.6902;1.0172;0.0000;0.0000;0.0000;0.0000;0.0000;0.0000;51.6333;
465;"/IO/RAM_CS";2;1;1.0397;6.2919;0.0000;7.3316;0.6500;0.0000;0.0000;0.0000;0.0000;0.0000;0.0000;5.6419;
475;"/MPU/pi2_P";2;0;0.0000;6.9342;0.0000;6.9342;6.9342;0.0000;0.0000;0.0000;0.0000;0.0000;0.0000;0.0000;
476;"/MPU/U1_TX_P";2;2;1.0397;15.9205;0.0000;16.9602;0.4594;0.0000;12.0482;0.0000;0.0000;0.0000;0.0000;3.4129;
477;"/MPU/U1_TX_N";2;2;1.0397;15.9747;0.0000;17.0144;0.4384;0.0000;12.0647;0.0000;0.0000;0.0000;0.0000;3.4715;
478;"/MPU/U1_RX_P";2;2;1.0397;14.9062;0.0000;15.9459;0.4196;0.0000;10.1152;0.0000;0.0000;0.0000;0.0000;4.3714;
479;"/MPU/U1_RX_N";2;2;1.0397;14.9312;0.0000;15.9709;0.4530;0.0000;10.1175;0.0000;0.0000;0.0000;0.0000;4.3607;
481;"/MPU/H3_P";2;0;0.0000;12.5766;0.0000;12.5766;12.5766;0.0000;0.0000;0.0000;0.0000;0.0000;0.0000;0.0000;
482;"/MPU/H3_N";2;0;0.0000;12.5766;0.0000;12.5766;12.5766;0.0000;0.0000;0.0000;0.0000;0.0000;0.0000;0.0000;
483;"/MPU/H2_P";2;0;0.0000;12.5691;0.0000;12.5691;12.5691;0.0000;0.0000;0.0000;0.0000;0.0000;0.0000;0.0000;
484;"/MPU/H2_N";2;0;0.0000;12.5688;0.0000;12.5688;12.5688;0.0000;0.0000;0.0000;0.0000;0.0000;0.0000;0.0000;
485;"/MPU/H1_P";2;0;0.0000;12.5447;0.0000;12.5447;12.5447;0.0000;0.0000;0.0000;0.0000;0.0000;0.0000;0.0000;
486;"/MPU/H1_N";2;0;0.0000;12.5447;0.0000;12.5447;12.5447;0.0000;0.0000;0.0000;0.0000;0.0000;0.0000;0.0000;
487;"/MPU/H0_P";2;0;0.0000;12.5259;0.0000;12.5259;12.5259;0.0000;0.0000;0.0000;0.0000;0.0000;0.0000;0.0000;
488;"/MPU/H0_N";2;0;0.0000;12.5258;0.0000;12.5258;12.5258;0.0000;0.0000;0.0000;0.0000;0.0000;0.0000;0.0000;
489;"/MPU/H5_P";2;0;0.0000;11.9593;0.0000;11.9593;11.9593;0.0000;0.0000;0.0000;0.0000;0.0000;0.0000;0.0000;
490;"/MPU/H5_N";2;0;0.0000;12.4959;0.0000;12.4959;12.4959;0.0000;0.0000;0.0000;0.0000;0.0000;0.0000;0.0000;
491;"/MPU/H4_P";2;0;0.0000;12.5216;0.0000;12.5216;12.5216;0.0000;0.0000;0.0000;0.0000;0.0000;0.0000;0.0000;
492;"/MPU/H4_N";2;0;0.0000;12.2546;0.0000;12.2546;12.2546;0.0000;0.0000;0.0000;0.0000;0.0000;0.0000;0.0000;
493;"/MPU/R_GND";13;0;0.0000;0.0000;0.0000;0.0000;0.0000;0.0000;0.0000;0.0000;0.0000;0.0000;0.0000;0.0000;
508;"IX8_PCIE1_CLK_P";2;0;0.0000;8.1535;0.0000;8.1535;8.1535;0.0000;0.0000;0.0000;0.0000;0.0000;0.0000;0.0000;
509;"IX8_PCIE1_CLK_N";2;0;0.0000;8.1535;0.0000;8.1535;8.1535;0.0000;0.0000;0.0000;0.0000;0.0000;0.0000;0.0000;
510;"HOST_PCIE1_CLK_P";2;2;1.0397;67.6433;0.0000;68.6830;0.8901;0.0000;65.4998;0.0000;0.0000;0.0000;0.0000;1.2534;
511;"IX8_PCIE2_CLK_P";2;0;0.0000;10.5996;0.0000;10.5996;10.5996;0.0000;0.0000;0.0000;0.0000;0.0000;0.0000;0.0000;
512;"IX8_PCIE2_CLK_N";2;0;0.0000;10.5996;0.0000;10.5996;10.5996;0.0000;0.0000;0.0000;0.0000;0.0000;0.0000;0.0000;
513;"HOST_PCIE2_CLK_P";2;1;1.0397;60.8137;0.0000;61.8534;59.5844;0.0000;0.0000;0.0000;0.0000;0.0000;0.0000;1.2293;
514;"/IO/25MHZ_P1I";3;1;1.0397;12.9114;0.0000;13.9511;0.8081;0.0000;0.0000;0.0000;0.0000;0.0000;0.0000;12.1033;
515;"/IO/25MHZ_P1O";3;1;1.0397;5.1723;0.0000;6.2120;0.8048;0.0000;0.0000;0.0000;0.0000;0.0000;0.0000;4.3675;
516;"/IO/25MHZ_P2I";3;1;1.0397;10.8868;0.0000;11.9265;0.7841;0.0000;0.0000;0.0000;0.0000;0.0000;0.0000;10.1027;
517;"/IO/25MHZ_P2O";3;1;1.0397;7.1812;0.0000;8.2209;0.7874;0.0000;0.0000;0.0000;0.0000;0.0000;0.0000;6.3937;
518;"/MPU/U2_TX_P";2;0;0.0000;9.2191;0.0000;9.2191;9.2191;0.0000;0.0000;0.0000;0.0000;0.0000;0.0000;0.0000;
519;"HOST_PCIE2_CLK_N";2;1;1.0397;60.8137;0.0000;61.8534;59.5844;0.0000;0.0000;0.0000;0.0000;0.0000;0.0000;1.2293;
520;"HOST_PCIE1_CLK_N";2;2;1.0397;67.6432;0.0000;68.6829;0.8901;0.0000;65.4997;0.0000;0.0000;0.0000;0.0000;1.2534;
521;"/MPU/pi2_N";2;0;0.0000;6.9342;0.0000;6.9342;6.9342;0.0000;0.0000;0.0000;0.0000;0.0000;0.0000;0.0000;
522;"/MPU/pi_P";2;1;1.0397;3.3518;0.0000;4.3915;1.2304;0.0000;0.0000;0.0000;0.0000;0.0000;0.0000;2.1214;
523;"/MPU/pi_N";2;1;1.0397;3.3484;0.0000;4.3881;0.9332;0.0000;0.0000;0.0000;0.0000;0.0000;0.0000;2.4152;
524;"Net-(D7-A)";4;0;0.0000;7.2134;0.0000;7.2134;7.2134;0.0000;0.0000;0.0000;0.0000;0.0000;0.0000;0.0000;
525;"Net-(D9-K)";3;0;0.0000;14.1340;0.0000;14.1340;14.1340;0.0000;0.0000;0.0000;0.0000;0.0000;0.0000;0.0000;
526;"/IO/PCIE1_REQ";2;0;0.0000;4.1091;0.0000;4.1091;4.1091;0.0000;0.0000;0.0000;0.0000;0.0000;0.0000;0.0000;
527;"/IO/PCIE2_REQ";2;0;0.0000;4.9655;0.0000;4.9655;4.9655;0.0000;0.0000;0.0000;0.0000;0.0000;0.0000;0.0000;
528;"PCIE2_nCLKREQ";3;3;1.2010;93.5684;0.0000;94.7694;3.5266;0.0000;39.8674;0.0000;50.1744;0.0000;0.0000;0.0000;
529;"PCIE1_nCLKREQ";3;2;1.2010;32.5537;0.0000;33.7547;13.0907;0.0000;0.0000;0.0000;19.4630;0.0000;0.0000;0.0000;
530;"/MPU/U2_TX_N";2;0;0.0000;9.2191;0.0000;9.2191;9.2191;0.0000;0.0000;0.0000;0.0000;0.0000;0.0000;0.0000;
531;"/MPU/U2_RX_N";2;0;0.0000;7.4135;0.0000;7.4135;7.4135;0.0000;0.0000;0.0000;0.0000;0.0000;0.0000;0.0000;
532;"Net-(C287-Pad1)";4;0;0.0000;3.4500;0.0000;3.4500;3.4500;0.0000;0.0000;0.0000;0.0000;0.0000;0.0000;0.0000;
533;"Net-(C288-Pad1)";4;0;0.0000;4.2250;0.0000;4.2250;4.2250;0.0000;0.0000;0.0000;0.0000;0.0000;0.0000;0.0000;
534;"Net-(C289-Pad1)";4;0;0.0000;4.8627;0.0000;4.8627;0.0000;0.0000;0.0000;0.0000;0.0000;0.0000;0.0000;4.8627;
535;"Net-(C290-Pad1)";4;0;0.0000;3.8831;0.0000;3.8831;3.8831;0.0000;0.0000;0.0000;0.0000;0.0000;0.0000;0.0000;
536;"Net-(C327-Pad1)";3;0;0.0000;4.3520;0.0000;4.3520;4.3520;0.0000;0.0000;0.0000;0.0000;0.0000;0.0000;0.0000;
537;"Net-(D10-K)";2;0;0.0000;1.5377;0.0000;1.5377;1.5377;0.0000;0.0000;0.0000;0.0000;0.0000;0.0000;0.0000;
538;"Net-(D11-A)";4;0;0.0000;5.0608;0.0000;5.0608;5.0608;0.0000;0.0000;0.0000;0.0000;0.0000;0.0000;0.0000;
539;"/MPU/U2_RX_P";2;0;0.0000;7.4135;0.0000;7.4135;7.4135;0.0000;0.0000;0.0000;0.0000;0.0000;0.0000;0.0000;
540;"Net-(U17-RX_CLK)";2;0;0.0000;1.1642;0.0000;1.1642;1.1642;0.0000;0.0000;0.0000;0.0000;0.0000;0.0000;0.0000;
541;"Net-(U17-RX_DV/RX_CTL)";2;0;0.0000;1.2009;0.0000;1.2009;1.2009;0.0000;0.0000;0.0000;0.0000;0.0000;0.0000;0.0000;
542;"Net-(U17-RXD0)";2;0;0.0000;1.2535;0.0000;1.2535;1.2535;0.0000;0.0000;0.0000;0.0000;0.0000;0.0000;0.0000;
543;"Net-(U17-RXD1)";2;0;0.0000;1.3535;0.0000;1.3535;1.3535;0.0000;0.0000;0.0000;0.0000;0.0000;0.0000;0.0000;
544;"Net-(U17-RXD2)";2;0;0.0000;1.5078;0.0000;1.5078;1.5078;0.0000;0.0000;0.0000;0.0000;0.0000;0.0000;0.0000;
545;"Net-(U17-RXD3)";2;0;0.0000;1.8074;0.0000;1.8074;1.8074;0.0000;0.0000;0.0000;0.0000;0.0000;0.0000;0.0000;
